Graphics,225,49,162,255
prefab_posts_2,98,162,206,255
umbrella1_LOD0,3,85,251,255
umbrella1_LOD1,198,104,206,255
Concrete_basket_LOD1,125,202,88,255
Concrete_basket_LOD0,154,87,172,255
Concrete_basket_LOD2,193,207,63,255
Concrete_basket_LOD3,213,113,228,255
Cliff_5x14_V02_LOD0,1,174,164,255
Cliff_5x14_V02_LOD1,208,92,70,255
prefab_fence-1,127,83,208,255
FillerBuilding03_windows_geo,119,64,107,255
FillerBuilding03_frames_geo,194,176,11,255
prefab_posts_1,99,96,36,255
ElegantBush,150,229,166,255
prefab_pot-c,211,163,164,255
pipe,64,78,35,255
prefab_Sign_Stop,205,226,50,255
prefab_bench_1,50,44,122,255
prefab_metallicSup,160,71,138,255
Cliff_5x14_V04_LOD1,86,249,61,255
Cliff_5x14_V04_LOD0,234,136,215,255
road_curb,124,126,221,255
prefab_Sign_Roundabout,22,30,135,255
prefab_Sign_Lightsigns,17,227,50,255
Decal_Asphalt_Roadfix_04,103,130,101,255
FillerBuilding02_LOD1,191,184,220,255
FillerBuilding02_LOD2,218,76,114,255
FillerBuilding02_LOD0,54,92,103,255
prefab_Sign_Curve,1,17,244,255
Broadleaf_Mobile_LOD0,161,183,184,255
Broadleaf_Mobile_Billboard,223,107,190,255
fountain_pool_LOD3,107,200,115,255
Prefab_Round_Pool,45,204,28,255
fountain_pool_LOD0,98,116,248,255
fountain_pool_LOD1,196,110,207,255
fountain_pool_LOD2,39,208,151,255
Broadleaf_Mobile_LOD2,169,161,140,255
Broadleaf_Mobile_LOD1,198,194,216,255
Crate_Barrel_LOD1,188,33,46,255
Crate_Barrel_LOD2,96,2,205,255
Crate_Barrel_LOD0,113,74,125,255
prefab_Sign_Bike_Crossing,0,77,143,255
umbrella_LOD0,172,117,179,255
umbrella_LOD1,86,230,16,255
Decal_Asphalt_Roadfix_01,14,66,128,255
prefab_balls,213,160,75,255
prefab_sign_2,219,242,99,255
BridgePartWindows_geo,145,55,229,255
BridgePartMetal_geo,96,176,71,255
BridgePartConcrete_geo1,150,213,37,255
prefab_fence-2,46,88,123,255
Crossing_Merged_Alpha_Cut,120,145,243,255
prefab_Sign_Straight,239,57,126,255
prefab_sign-4,81,7,49,255
chair-1u_LOD1,143,244,250,255
chair-1u_LOD0,129,84,142,255
prefab_table_set,78,176,194,255
prefab_Sign_Curve_2,215,122,180,255
Decal_Asphalt_Crossroad_Mask_02,111,172,23,255
prefab_Wall_geo,25,2,153,255
Cine_Mark2_Brick_geo,236,239,72,255
Cine_Mark2_Concrete_geo,113,60,13,255
Cine_Mark2_Windows_geo,68,136,124,255
Cine_Mark2_Metal_geo,25,51,43,255
prefab_Sign_NoEnter,85,28,109,255
prefab_Pot_1,170,216,170,255
prefab_Sign_Speed_Limit_30,23,48,230,255
Cliff_5x14_V01_LOD1,121,75,124,255
Cliff_5x14_V01_LOD0,235,225,50,255
Decal_Asphalt_Crossroad_Mask_04,111,225,246,255
prefab_trafic_lights_alone,213,79,152,255
Decal_Asphalt_Roadfix_03,193,150,72,255
prefab_barrier_1,243,231,127,255
prefab_trippleAdd,244,4,250,255
Park_bench_LOD2,164,72,3,255
Park_bench_LOD1,222,56,165,255
Park_bench_LOD3,176,126,191,255
Park_bench_LOD0,133,218,11,255
prefab_Pot_2,107,66,15,255
prefab_sign-6,39,102,69,255
prefab_sign_1,130,180,142,255
prefab_stairs_Step,148,136,247,255
hydrant_2_LOD0,2,129,111,255
hydrant_2_LOD1,9,219,241,255
hydrant_2_LOD2,253,241,69,255
prefab_Sign_Crossing,1,253,124,255
TrafficLightMap2_v1_light_4_1,221,235,246,255
TrafficLightMap2_v1_light_4_3,187,189,145,255
TrafficLightMap2_v1_light_4_2,182,84,204,255
prefab_Sign_Hill,147,24,29,255
Decal_Asphalt_Crossroad_Mask_03,152,253,149,255
Cliff_5x14_V03_LOD1,224,254,8,255
Cliff_5x14_V03_LOD0,150,41,183,255
prefab_statue,6,175,76,255
Decal_Asphalt_Roadfix_02,68,155,220,255
prefab_Sign_Crossroad_T,252,35,20,255
prefab_highway_sign_1,198,92,129,255
prefab_sign-1,18,220,78,255
prefab_Sign_Animals,227,53,45,255
prefab_building-3-A,0,64,144,255
prefab_Sign_No_trafic,103,55,242,255
Yield_03_Triangles,41,248,93,255
building-3-B,211,45,57,255
building-3-A,101,101,7,255
prefab_Sign_Works,155,101,92,255
prefab_parkingAdd,161,187,116,255
prefab_Sign_2_Way_street,194,85,96,255
Decal_Line_Long_1,16,154,88,255
stairs_Step,37,237,201,255
prefab_Sign_Your_Right,7,165,96,255
M_Background_Mountains,238,184,177,255
cactus1_metalparts_geo,252,248,57,255
cactus1_building_geo,69,9,203,255
cactus1_windows_geo,152,246,238,255
prefab_sign-10,30,32,206,255
prefab_Sign_Speed_HighwayStart,246,207,20,255
prefab_Sign_Speed_Limit_50,76,94,145,255
prefab_highway_sign_2,197,140,245,255
Ruths_LOD2,140,165,5,255
Ruths_LOD1,104,25,16,255
Ruths_LOD0,219,133,203,255
prefab_sign-7,253,248,237,255
prefab_Sign_Watchout,217,128,190,255
prefab_streetLightc,251,52,28,255
prefab_sign-5,6,80,131,255
prefab_tunel-2,22,88,184,255
WorldMarket_glass_geo,202,131,229,255
WorldMarket_railings_geo,124,37,84,255
WorldMarket_columns_geo,251,218,11,255
WorldMarket_balcony_geo,229,235,126,255
WorldMarket_building_geo,86,6,186,255
FillerBuilding01_windows_geo,24,252,220,255
FillerBuilding01_building_geo,56,112,228,255
prefab_Sign_Curve_3,108,111,4,255
Mettress_Firm_ST_LOD2,240,137,157,255
Mettress_Firm_ST_LOD1,26,142,241,255
Mettress_Firm_ST_LOD0,37,170,144,255
Yield_03_Triangle_Big,210,125,184,255
Right_Arrow_02,50,214,7,255
prefab_Sign_Right,101,171,53,255
SideWalkThing4,85,224,188,255
SideWalkThing2,140,186,131,255
SideWalkThing,31,158,233,255
SideWalkThing6,242,219,99,255
SideWalkThing3,168,148,39,255
SideWalkThing5,58,244,173,255
SideWalkThing1,26,29,122,255
prefab_sign-2,196,222,193,255
TrafficLightMap2_v1_light_3_4,196,148,127,255
TrafficLightMap2_v1_light_3_3,8,118,205,255
TrafficLightMap2_v1_light_3_2,143,235,38,255
TrafficLightMap2_v1_light_3_1,190,142,221,255
TrafficLightMap2_v1_light_2_4,55,119,38,255
TrafficLightMap2_v1_light_2_3,114,177,157,255
TrafficLightMap2_v1_light_2_2,164,148,231,255
TrafficLightMap2_v1_light_2_1,126,138,194,255
TrafficLightMap2_v1_light_1_4,9,241,67,255
TrafficLightMap2_v1_light_1_3,118,1,42,255
TrafficLightMap2_v1_light_1_2,161,149,126,255
TrafficLightMap2_v1_light_1_1,26,215,88,255
TrafficLightMap2_v1_mainBody,8,57,104,255
TrafficLightMap2_v1_signs,199,98,155,255
Cine_Mark1_Details_geo,34,231,167,255
Cine_Mark1_Concrete_geo,254,177,144,255
Cine_Mark1_Bricks_geo,232,252,113,255
Cine_Mark1_Windows_geo,63,119,68,255
Cine_Mark1_MetalParts_geo,61,207,254,255
bUILDING-2-op2,173,192,202,255
bUILDING-2,30,40,87,255
Stone_statue_LOD3,51,77,132,255
Stone_statue_LOD0,218,225,206,255
Stone_statue_LOD2,2,245,18,255
Stone_statue_LOD1,77,90,176,255
prefab_sign-12,225,247,117,255
prefab_Sign_Speed_Limit_80,244,50,117,255
prefab_Sign_Speed_HighwayEnd,251,137,84,255
prefab_sign-8,175,89,152,255
prefab_building1,198,249,181,255
Bridge1,115,3,80,255
decal_lines_stripped_double,44,156,67,255
Thirteen_Coins_LOD1,61,156,106,255
Thirteen_Coins_LOD0,129,221,233,255
prefab_building-3-B,73,183,203,255
Left_Arrow_02,4,212,25,255
Bellevue_Place_LOD1,117,166,6,255
Bellevue_Place_LOD2,4,119,234,255
Bellevue_Place_LOD0,51,254,148,255
guardrail_pole_1,220,237,229,255
billboard,158,125,166,255
guard_rail_start_right,159,11,187,255
Decal_Dirt_Crossroad_Mask_01_ERDecal_Start,106,18,79,255
Path,117,9,85,255
Tree_Batch_Fir_04_Standalone_cheap,90,40,199,255
Tree_Batch_Fir_02_Small,185,241,253,255
road_reflectorMat,194,121,253,255
Decal_Road_Border_left(Clone),178,124,215,255
NM_Cobble_Stone_Advanced,19,79,147,255
Lamps,193,40,103,255
Guard,194,251,123,255
Decal_Asphalt_Crossroad_Mask_04_ERDecal_End,12,193,121,255
Decal_Asphalt_Crossroad_Mask_03_ERDecal_Start,83,38,28,255
Decal_Asphalt_Crossroad_Mask_02_ERDecal_End,173,184,6,255
Asphalt_Lines_ER_OX_Sidewalks_v2,146,77,97,255
Tree_Batch_Fir_05_Standalone_cheap,172,199,192,255
sidewalk_crossing_T,235,62,35,255
Parking,54,44,108,255
Polygon,178,29,161,255
Asphalt_Lines_ER_Y_Sidewalks_v2,131,237,17,255
road_reflector,114,11,171,255
Tree_Batch_Fir_07_Forest_cheap,20,149,224,255
guard_rail_end_right,102,144,49,255
Asphalt_Lines_ER_X_Sidewalks_v2,83,206,221,255
Decal_Asphalt_Crossroad_Mask_04_ERDecal_Start,205,34,60,255
NM_Asphalt_No_Lines_Advanced,20,221,192,255
Tree_Batch_Fir_06_Forest_cheap,219,221,97,255
Decal_Asphalt_Crossroad_Mask_01_ERDecal_End,94,42,89,255
Cube,194,245,222,255
Decal_Asphalt_Crossroad_Mask_01_ERDecal_Start,19,218,23,255
sidewalk_crossing_X,23,53,96,255
NM_Asphalt_No_Lines,152,35,78,255
Decal_Asphalt_Crossroad_Mask_02_ERDecal_Start,84,249,11,255
Asphalt_NoLines_ER_Y_Sidewalks_v2,73,4,222,255
Dirty_Road_ER_Y,50,82,108,255
Decal_Dirt_Crossroad_Mask_02_ERDecal_End,110,241,221,255
Decal_Asphalt_Crossroad_Mask_03_ERDecal_End,73,136,152,255
Asphalt_Lines_ER_T_Sidewalks,173,186,79,255
NM_Dirty,0,72,156,255
Decal_Dirt_Crossroad_Mask_01_ERDecal_End,137,57,216,255
curb2_v2,195,152,152,255
sidewalk_crossing_Y,39,190,215,255
Asphalt_Lines_ER_OY_Sidewalks_v2,107,98,97,255
sidewalk_roundabout_Y,153,155,146,255
sidewalk_roundabout_X,232,74,45,255
Decal_Cobblestone_Crossroad_Mask_01_ERDecal_End,91,103,3,255
Asphalt_Lines_ER_X,239,63,16,255
Decal_Dirt_Crossroad_Mask_02_ERDecal_Start,44,149,83,255
Decal_Cobblestone_Crossroad_Mask_01_ERDecal_Start,40,85,239,255
Dirty_Road_ER_X,4,150,48,255
Asphalt_Lines_ER_OX,152,99,140,255
Dirty_Ruts_Road_ER_OY,242,6,205,255
prefab_Bridge2,158,65,239,255
Dirty_Ruts_Road_ER_Y,215,157,160,255
Asphalt_Lines_ER_T,152,208,177,255
